IND1	IND2	IND3	IND4	IND5	IND6	IND7	IND8	IND9	IND10	IND11	IND12	IND13	IND14	IND15	IND16	IND17	IND18	IND19	IND20	IND21	IND22	IND23	IND24	IND25	IND26	IND27	IND28	IND29	IND30	IND31	IND32	IND33	IND34	IND35	IND36	IND37	IND38	IND39	IND40	
0.6537753	0.9762830	0.7985985	1.7492103	1.3302321	1.3323845	1.1767628	0.5605162	1.1702137	1.1959145	0.8417021	0.7681252	0.7635848	0.8183883	1.7900356	1.7106887	1.7662820	0.5606872	1.2604177	1.2777213	1.6010351	1.1139169	1.7950951	0.8769634	0.9763304	1.1135191	1.0443557	1.4298122	1.1553759	1.4004432	1.1905276	0.9486591	0.5937852	1.3214888	1.5416121	0.6894355	1.3327395	1.0125848	1.4205360	1.4103797	
2.8312614	2.6101977	1.6277151	1.9882903	1.2938348	2.3328470	1.5505783	2.0571522	1.4443333	1.3550688	1.6129366	1.8126716	1.5255188	2.0294908	1.7847752	1.2894840	1.9346525	1.9933620	1.5177587	1.7148754	2.2090340	1.5809291	0.9367248	1.8490038	2.1473277	1.6052766	2.1645153	1.7331144	1.2367225	1.6678482	1.6282360	2.1896236	1.5856908	1.9540942	1.8713668	2.1839517	1.7077511	1.3742389	1.9674300	1.0346905	
1.1910276	1.0237043	0.9968897	0.8384359	1.0038439	1.3734080	1.5215185	0.9889884	0.6680653	1.0813895	0.7962293	0.8351396	0.9061664	1.0565981	0.9174006	1.0076363	1.1097837	0.9424576	0.8896519	1.3861984	0.9735731	1.2310061	1.4590826	0.7820780	0.7966564	1.0781456	1.0034376	1.0541339	0.8551034	1.1853249	1.0716349	0.9112687	1.1540960	0.9990954	0.9704885	1.0378741	1.2304446	1.1113441	0.9959039	0.9038231	
1.0704641	0.9269198	0.8845265	1.0468408	1.0661063	0.7317516	1.0570380	0.7752256	1.0435623	1.2961229	1.2524124	1.1617930	1.0438628	1.0401616	1.1997280	0.9940461	0.6822171	0.9305204	1.2168342	0.9251339	0.8875399	1.0468802	1.2890531	0.9251965	1.1302880	1.0072285	0.8031231	0.8461137	0.9733411	0.8792378	0.8935609	1.0108030	1.3563942	1.2284771	1.2624252	1.0426464	1.0609603	0.9182275	0.8304371	0.8809993	
0.4815261	0.1961604	0.1305585	0.5291520	0.1495825	0.2776476	0.5402127	0.1497313	0.1348547	0.2050531	0.1611184	0.6924424	0.2730511	0.4587611	0.2071218	0.3147811	0.2136374	0.3299973	0.4657555	0.1154915	0.5986595	0.2811428	0.7632850	0.5612496	0.1567749	0.0734362	0.2101472	0.1774946	0.5546634	0.6292825	0.4722432	0.1423610	0.6596670	0.1332707	0.4509710	0.2183866	0.5541729	0.4206641	0.0660349	0.2711446	
0.4102987	0.5679884	0.4524379	0.3697105	0.4598878	0.2557440	0.4094101	0.4753368	0.5996721	0.3418665	0.7038134	0.6544377	0.4953274	0.6120211	0.5133754	0.3587928	0.2872411	0.6885861	0.3171168	0.6272539	0.4064927	0.4473162	0.4070224	0.8774778	0.6263223	0.3785544	0.3021215	0.6915507	0.2949403	0.2842462	0.2946054	0.4919530	0.4826319	0.4894252	0.4816915	0.2902455	0.7146232	0.8556607	0.4636501	0.6348033	
1.4986549	2.7622251	1.9850559	2.7855551	2.0218225	2.7092341	2.3992409	1.9043007	1.1861215	1.9528549	1.8219312	2.7808671	2.2664958	1.7429380	1.9890801	1.5977807	1.3948107	1.6459664	1.5410174	1.8057198	1.6287400	2.1065146	2.1433417	2.6117851	1.6584734	1.6316282	1.4244693	1.9655987	1.5111107	1.4208776	1.6345720	2.4759722	1.8604025	1.6918734	1.8500793	1.7109030	1.1717272	1.0351369	2.1332797	2.2986051	
0.9470662	0.7940020	0.4681145	0.1678386	0.4210653	0.2689219	0.2928756	1.4166448	0.4192690	0.4051417	0.5454696	1.1309672	1.5092330	0.6371826	0.2795864	0.2102895	0.1313740	0.7732897	0.2690420	0.3675662	0.4296943	0.2892669	0.2606064	1.0019486	0.6101470	0.4006074	0.4768859	0.2144959	0.3920032	0.3005811	0.3292580	0.9707050	0.7352380	0.2638328	0.1586763	1.2861890	0.4875439	0.5041622	0.1654141	0.2570322	
0.0153573	0.0118451	0.0727565	0.1757828	0.0189211	0.0273198	0.1038117	0.0772170	0.1042877	0.0071367	0.0310029	0.0119919	0.1106319	0.0652443	0.0358625	0.0546563	0.0189517	0.6900266	0.0598192	0.0298588	0.0025692	0.0047577	0.0223158	0.0055706	0.0769091	0.0527004	0.0808042	0.0528777	0.4385966	0.0268842	0.0089546	0.1199536	0.0089867	0.5375425	0.0376433	0.1551421	0.0298480	0.0502794	0.0153467	0.0268228	
1.0608651	1.2378908	1.2041744	0.7917138	1.0087986	1.1237367	0.9752146	1.1232603	1.2787650	1.2589431	1.1105560	0.8883910	1.0137143	1.1079465	0.8813303	1.1936957	1.0766904	1.1489901	0.9172260	0.9671025	0.8388175	0.8819202	0.9048728	0.7195436	1.0344897	0.6872772	0.7505857	1.1471633	1.1371999	1.4689418	1.0283458	1.1679398	0.9581618	0.8565591	1.0781758	1.0320361	1.1090294	0.9551563	1.3483235	1.1943414	
0.0444776	0.0949072	0.1637236	0.0359897	0.1896472	0.0163009	0.0408545	0.1217863	0.1779961	0.1227488	0.0962814	0.0398428	0.1229363	0.0906016	0.0558395	0.0460844	0.0335509	0.0889183	0.0381129	0.0523541	0.0737773	0.0509662	0.0549060	0.1287646	0.1582112	0.0695493	0.0775404	0.0940692	0.0965851	0.0929874	0.1201376	0.0695704	0.0547514	0.0265780	0.0472113	0.0809243	0.1142707	0.1051120	0.0533868	0.1248073	
3.8939590	3.1619348	3.5326944	2.9697246	3.2716860	2.8120648	3.9330177	3.8899214	4.1025470	2.3624024	2.8562022	2.5269826	3.8384391	4.0837792	3.5666946	2.9819890	3.5093980	2.9036601	2.6659839	4.6817602	3.2937966	4.0517359	2.0097136	3.9596930	5.4301977	4.1344433	2.4427385	3.2828703	3.1607417	4.6038314	3.9712429	4.0293365	2.2295250	2.8790853	2.6552817	3.6150886	3.7741011	3.4386385	4.0467139	3.8478161	
0.8374481	0.9982731	1.0061057	1.1492004	0.8450857	0.5580341	0.6534243	0.7958773	0.8645489	0.6339008	0.9871330	0.7278996	0.7297871	0.6956313	0.8748400	0.9863126	0.9911500	0.7816435	0.6749107	1.0593471	0.6892227	0.7945697	0.7349628	0.8230556	0.9974180	0.8939188	0.8153037	0.5631070	0.6162763	0.8139214	1.1001902	0.9653858	1.0864475	0.5240800	0.9231729	0.6136332	0.7983451	0.7988273	0.8689698	0.7328319	
0.5077286	0.5275348	0.3549821	0.5394299	0.6482261	0.3941386	0.4290517	0.4549777	0.3826436	0.6378320	0.4938858	0.7125788	0.4687979	0.4497850	0.3197449	0.4589396	0.4019065	0.6659019	0.5372082	0.4309333	0.3848280	0.5373191	0.4445014	0.6037405	0.3898937	0.4529170	0.5090037	0.3690801	0.6526560	0.5704956	0.6326912	0.6205702	0.4200134	0.5342410	0.5726504	0.3109975	0.4199398	0.7246072	0.4622600	0.5704493	
0.9837506	0.8635274	1.4695267	0.9097248	0.8359045	1.3428845	1.0602172	1.0388730	1.0097940	0.9256694	1.0570759	1.2483243	0.7310524	1.0742889	1.1451991	1.0464464	1.3218273	0.5449386	1.0761282	0.7302223	0.9073377	0.9856997	1.0126861	1.1685935	0.9708128	0.8071770	1.0366295	0.9717525	1.1118315	1.0341401	0.9981129	1.0482368	1.1490015	1.0728694	1.1004223	1.3195821	1.2108499	0.9775055	1.1362052	0.9729921	
0.5816112	0.3627760	0.7538973	0.3574325	0.8729065	1.0027843	0.8343989	0.6185795	0.9135282	0.5258004	0.3200395	0.6416462	0.7562060	0.5254674	0.5340746	0.6204382	0.4476739	0.4106795	0.3287851	0.8369057	0.6639037	0.3651979	0.3975023	0.3936833	0.4267201	0.6600616	0.7663595	0.4541085	0.6720832	0.7789773	0.3809540	0.7165518	0.6084316	0.3599300	0.7276061	0.6072622	0.3788123	0.4213851	0.7453683	0.6983138	
1.7120284	1.2663510	1.4920018	1.0850600	1.0498645	1.2868853	1.4455084	1.2690060	1.2215980	1.5273922	1.6440026	1.6041546	1.6392051	1.3612992	1.9317862	1.0846065	1.4761210	0.9866700	1.3814361	1.2315817	1.9549972	1.7566765	1.5827799	1.6921709	1.5928770	1.3866135	1.2594760	1.4599404	1.5301328	1.3721271	1.5513844	1.5470750	1.4450400	1.1034961	1.6321485	1.2107571	0.9536146	1.6000822	1.3738416	0.9085570	
0.9530956	0.7151354	0.8692213	1.3016079	0.8935055	0.9765122	1.0502059	0.7957442	0.9285863	1.2886502	1.0241488	1.0380737	0.7728721	0.6568242	0.6282097	0.9683305	0.9644667	1.3662165	0.9876993	0.9517909	0.6241422	0.8506440	0.8924150	1.0636000	0.8186125	0.9694863	1.0860592	1.1861461	1.1289957	0.8546103	0.8607371	0.9624395	0.7736228	0.9018523	0.8329398	1.0676506	1.0472310	1.3294910	1.2337190	1.3210832	
0.6976988	0.7585135	0.4465173	0.5286594	0.5909928	0.5401015	0.6382266	0.5171733	0.4767567	0.7151088	0.5112208	0.6547503	0.6706326	0.5133495	0.5012741	0.3725165	0.7886117	0.4994480	0.6634350	0.5256130	0.7669588	0.6176590	0.8195895	0.4099235	0.6909739	0.4707898	0.3892502	0.5710301	0.5642722	0.5118839	0.5619971	0.4963047	0.4829806	0.6415727	0.4414758	0.5149519	0.7557250	0.4916672	0.4826620	0.7503069	
1.0679902	1.2361405	0.6269432	0.9166902	0.7302345	1.0848851	0.6857840	0.9460860	1.2884414	0.5006709	0.7425524	1.2003091	0.7505806	0.9534875	1.5506690	0.6994349	0.9634978	0.5092721	1.2047947	1.1186191	1.2735570	1.3074463	0.5018700	1.0527293	0.8638035	0.9366129	0.6314775	0.6217724	0.6900584	1.1028236	0.8488507	1.2467656	0.9104410	0.8640891	0.7349173	0.6213629	0.4522134	0.5995008	0.9613396	1.0625059	
0.1680063	0.2432764	0.4200282	0.1558233	0.6220320	0.1264851	0.1816132	0.7154644	0.6075995	0.3898834	0.5476898	0.5211421	0.2573045	0.5186882	0.1504106	0.4072837	0.1700580	0.2772705	0.2169129	0.2257459	0.1732681	0.2881708	0.6494279	0.2077135	0.4150337	0.3550372	0.1929152	0.2401824	0.2919042	0.5294072	0.2193912	0.3580600	0.4403892	0.2164857	0.2344233	0.3355313	0.5469121	0.3071016	0.2937646	0.3977698	
0.2623226	0.5195031	0.5040913	0.2356843	0.4617328	0.2567167	0.5164666	0.2613352	0.1953744	0.3095544	0.5650824	0.3886695	0.3204337	0.1846976	0.4623991	0.6183987	0.3711676	0.3599628	0.3076988	0.2205359	0.3325153	0.2923182	0.4010628	0.2777501	0.3202819	0.3230477	0.6155699	0.3835893	0.5761017	0.4061542	0.3299869	0.2139161	0.3516277	0.5945191	0.5716441	0.5599347	0.3709172	0.1672625	0.6337502	0.4338915	
1.3661365	0.8971136	0.9995086	1.1457831	1.6633750	1.3865419	1.0780023	1.5317564	1.2416104	0.9275475	1.1194382	1.3779161	1.6379016	1.0267199	1.9375366	0.7612307	2.1053716	0.9407590	1.2172937	1.2241608	1.7288108	0.9044888	0.9685066	1.4042734	0.9577782	1.0640559	1.6765027	2.0365416	0.7367634	1.2793971	1.3480435	1.3731580	1.3515585	0.8547030	1.0119787	1.1559526	1.5238279	0.8326159	1.2123986	1.3976050	
0.7346446	0.8097186	1.1539990	1.1328180	1.3035456	1.2033050	1.0626286	1.0567909	1.1417476	0.7523365	0.8437069	0.8379307	0.9151693	1.0860755	0.9441441	1.0944633	1.1228015	1.3024870	0.8864892	1.1576171	1.5283929	0.5786025	1.5150029	1.1382258	1.0369860	1.0161320	1.2184998	0.7463669	1.4145433	1.0917540	0.7678944	0.9295441	0.9337284	1.0939810	1.3716799	0.9760732	1.0118399	0.8595233	0.8670750	0.9539345	
1.3883319	1.3774262	2.2302308	2.4925535	1.3933796	2.2847768	2.5944595	1.4615956	1.4830452	2.3057192	1.7516908	2.0740041	1.7258599	1.1308746	1.3056970	1.6390858	2.2161294	1.8225778	0.8149110	1.9251465	1.6149652	2.5589636	1.8923892	2.1070149	2.1686580	2.9731259	2.0467134	0.9145873	1.9008238	2.9675360	1.7778432	1.3095888	1.4760299	1.4528134	1.5933618	1.6894473	1.1023516	1.9404950	1.7983555	2.1921802	
0.9180865	0.5296868	0.2896138	1.3899478	0.2642329	1.0511763	0.7337175	0.5904762	0.3862077	0.5334178	0.3100245	1.2616011	0.9534873	0.7709305	0.2626947	0.5051260	0.8963253	1.0282282	0.2583486	0.9714445	0.9094598	0.6706408	0.6230532	0.5529180	1.0960096	0.2294403	0.7659661	0.6123425	0.6822704	0.6177377	1.1436071	0.7870292	1.2157175	0.7820172	1.0717808	0.7133526	0.4712075	0.4478977	0.6668183	0.4037812	
1.4907572	1.1292053	1.3826601	1.6060838	1.3825053	1.2825304	1.3192127	1.4407855	1.5703100	1.4005276	1.3388686	1.3572575	1.6821013	1.4427276	1.3833432	1.1141665	1.5263251	1.9293493	1.4849084	1.8231763	1.0830908	1.3394107	1.5088644	1.2378586	1.1748539	1.3604163	1.4216622	1.9536692	1.2677592	1.3820540	1.4040067	1.4514328	1.0560568	1.6322109	1.5548242	1.4577932	1.1732244	1.1310799	2.0727083	1.2217574	
0.0301695	0.1048638	0.5118984	0.0059285	0.0801872	0.0095381	0.1618849	0.0497204	0.0180380	0.0215049	0.2490198	0.1401528	0.0950697	0.0070722	0.1427415	0.3982373	0.3137663	0.0159449	0.0185044	0.0332956	0.0211436	0.0344624	0.0478386	0.0458160	0.0541485	0.2205773	0.2785711	0.0812965	0.1013080	0.0389366	0.0381467	0.0283523	0.0145382	0.2184333	0.3436462	0.5556487	0.0201773	0.0093337	0.4207440	0.0972556	
0.6289801	1.1542416	0.9198950	0.6690914	0.7985927	1.3918253	1.0996509	1.3924079	1.3805056	1.6169174	1.2679677	0.6358095	0.8273831	0.6111471	1.0331834	0.7280558	1.5580376	0.6035631	1.1128630	0.8389184	1.1094462	1.0450847	0.4603995	1.5412067	1.1334968	1.6178538	0.9255488	1.1991213	1.1176139	1.0227834	0.9580098	1.3965124	0.5208411	1.2274618	0.8063123	0.9315852	0.8530749	1.0351786	0.8169112	1.3647058	
1.0977604	0.8604143	0.7143117	0.9699335	0.6781115	1.1035518	1.1901919	0.6848363	0.6306590	0.9209334	0.9580931	1.5013049	0.8345300	0.9704035	0.6267115	1.2806548	0.8986921	0.6961056	1.1743152	0.7213778	1.0870254	0.7211419	1.7488000	0.4231986	0.5625946	0.7231135	0.5208307	0.8496323	1.1254486	0.9035592	0.7445957	0.5781410	1.2484166	0.7387998	1.5638565	0.5848838	1.3844432	1.0875122	0.8921773	0.6005009	
0.4938478	0.4097743	0.6791692	0.2644677	0.5725459	0.4590669	0.4730969	0.3900643	0.4621654	0.5924639	0.4771806	0.3573460	0.5359476	0.7879639	0.6121929	0.2835270	0.4791299	0.4622645	0.4140667	0.4412321	0.4417313	0.3752136	0.3813283	0.4015896	0.4821990	0.4863308	0.3596934	0.5236436	0.3734636	0.5492407	0.5153964	0.3654480	0.2780845	0.4547534	0.4097704	0.4214949	0.5301240	0.3885531	0.3367085	0.3669423	
1.7069348	0.4447900	1.3642273	2.4840060	0.6877621	0.6014113	1.4684736	1.0142725	0.6147274	1.3632994	0.5445169	1.1714453	1.6549740	2.1928935	1.2777849	0.7634112	0.6798046	2.0639357	0.8949806	1.3084108	1.5158773	1.0944589	1.1305885	0.9333121	1.4796666	1.6011081	1.6161643	0.9105345	0.5738336	0.9716063	1.1479288	1.0070841	1.4052245	1.3867454	1.1276138	1.2852559	0.7319239	0.9375257	1.5560224	0.9581993	
0.0082203	0.1306382	0.3017751	0.0076084	0.1265698	0.0071676	0.2128741	0.0241815	0.0107572	0.0196134	0.2380472	0.1087224	0.0671013	0.0042674	0.0231926	0.2312579	0.1477620	0.0141007	0.0200427	0.0039762	0.0028264	0.0266674	0.1395233	0.0187673	0.0344050	0.0606257	0.2097488	0.0238255	0.2694085	0.0266462	0.0258026	0.0183539	0.0034452	0.1655810	0.6362522	0.0841584	0.0341503	0.0025727	0.1817623	0.0475566	
3.1208262	2.4812736	1.6331151	3.0929395	1.8487162	2.0509420	2.6123377	3.7067626	2.9120504	1.5571316	2.2938895	3.1910208	2.1187683	1.9666752	3.4090317	2.9795905	3.4549716	2.0516879	2.5951667	3.0995039	2.9015782	4.4617568	2.3503957	3.9076402	2.0202348	3.1909781	2.3485243	2.5754102	2.9679845	2.0508803	2.1430219	2.8601565	2.3503111	2.1000663	1.5513240	2.2336431	2.1624769	3.1411232	1.8941534	3.0414353	
2.6217957	1.5392684	2.0110927	1.9467598	1.3529864	2.5050282	2.8926826	1.5402857	0.9386058	1.7655796	0.9717235	1.8207168	1.2871051	1.7002817	0.9230931	2.7631982	1.8144958	0.7603711	2.8717598	1.7083898	2.2358648	2.6982118	2.6842241	1.5966411	1.2930264	0.6904778	2.0152855	1.6643605	1.4331894	1.8166559	1.7949896	0.9444992	2.4403813	0.8787203	1.2579502	0.8825927	2.0389547	1.2985079	1.8340843	2.2686180	
0.8682485	1.0908057	0.7888947	0.7341311	1.4360404	1.0288390	0.7781701	1.0855442	0.7931175	1.0786192	0.8089634	0.9410389	1.0082240	1.1700189	0.6675062	1.0128012	1.0963423	0.8069947	1.1674678	1.2340219	1.1038094	1.0699513	0.9168831	0.9583116	1.4944590	0.8920632	1.0904002	0.9551983	1.0333801	0.9213217	1.3602640	1.0270459	0.7945182	0.8505918	0.8725934	1.4557274	0.9562359	0.9237035	1.2790918	0.8160284	
0.2393431	0.8570721	0.4444512	0.9892451	1.2860963	1.6349988	0.8727463	1.0534914	1.0631366	1.3861899	0.9616502	0.5404242	0.5577661	0.6961484	0.4401995	0.9360777	0.5356277	0.9360383	1.4121031	0.5807166	0.3891995	1.4167766	1.4591103	0.7044518	0.9636856	0.3486215	0.5045819	0.7141304	1.2206582	1.3146123	0.8884551	1.0107029	1.1209196	1.1379022	0.7533236	0.6415719	0.9026506	1.2594264	0.3751419	1.2637094	
1.2693342	0.5264683	1.3694249	1.0625913	0.2926532	0.6912672	1.3613483	0.3949762	0.5183852	0.6884843	0.6357920	0.7505821	0.6467429	0.3019363	0.8885653	0.9530530	0.5851074	0.7415047	0.4531470	0.8229409	0.8690443	0.3375469	0.6763500	0.3451884	0.7599597	0.5004122	1.6990288	0.4720422	0.6784937	0.2218314	0.8027086	0.3873509	0.5426425	0.8480050	0.2018363	1.1560654	0.4328874	0.5293199	1.1529361	0.5323455	
1.1060927	0.8918322	0.7843616	1.0406856	1.0329457	0.9756010	1.0941644	0.8473587	0.9876955	0.8628307	0.7214085	0.7963807	1.0094095	1.0092145	1.1261586	1.1446865	1.0840273	0.5357723	0.8656292	0.7219438	1.0394758	1.0732582	0.7800471	1.0174913	0.8600053	1.1049963	0.9888543	0.8677479	0.9574303	1.6418848	0.8904854	1.0171963	1.0833420	1.0488244	1.3569167	1.0537178	1.0739852	0.9083707	0.7357070	0.8820553	
1.0002493	1.1065965	1.4899055	0.5621694	1.0922748	1.0200069	1.2015971	1.0900757	1.1376022	0.6125143	0.8875658	0.8378782	1.2773301	0.9827138	0.6442633	1.4591608	0.9059814	1.0922385	1.2349968	0.5701417	0.8334641	1.2348059	1.3628016	0.6838792	1.4531491	1.0439782	1.3294462	0.7192759	0.8653537	0.9222805	1.3103314	1.0017470	0.7781094	0.8872331	0.7822687	1.1299092	0.7901979	0.7062716	1.2214510	1.1933201	
0.6685748	0.3433205	0.6542083	0.3879996	0.6216632	0.3992615	0.3508825	0.7396096	0.5501331	0.3399090	0.4426076	0.5758094	0.5765378	0.5524156	0.3458077	0.4553623	0.3506220	0.4390728	0.4234684	0.4072602	0.3090017	0.4751074	0.4064696	0.6016880	0.4569432	0.3895301	0.4139720	0.3688977	0.3578951	0.3862499	0.4864659	0.6723906	0.4536530	0.4025109	0.4250954	0.7299072	0.3880017	0.4572248	0.3513517	0.3483815	
1.1121369	0.5389566	0.5492721	0.7112630	0.5531213	0.6392914	0.5516057	0.7284632	1.0143274	0.6649062	0.5555633	0.5622400	0.7270307	0.8515355	0.7158078	0.7859174	0.3841225	0.6593345	0.1704276	1.0526413	0.9254147	1.0006301	0.7586496	0.4941112	1.0146994	0.8559641	1.0640356	0.4536515	0.4023808	0.7688002	0.9291614	0.4149276	0.4952867	0.7083367	0.7491348	0.3845114	0.4712770	0.4929160	0.8230925	1.1518727	
0.5075382	0.4313821	0.4466127	0.4737922	0.3971012	0.4000740	0.4961874	0.4438224	0.5730758	0.3937222	0.3428025	0.4752257	0.3668488	0.4445020	0.4682523	0.4126367	0.3880548	0.5924395	0.4841549	0.5359411	0.5295412	0.4714977	0.5627531	0.4878892	0.3723832	0.3551542	0.5911330	0.3273793	0.7363870	0.6542551	0.6404873	0.4301127	0.6302637	0.3107587	0.5677265	0.4412280	0.6810414	0.3812887	0.2456835	0.3653961	
0.2563332	0.2613533	0.3702608	0.2324237	0.2289138	0.1710130	0.3653535	0.0956892	0.1168699	0.2486299	0.2767992	0.7146761	0.2712552	0.2706079	0.2195916	0.4090083	0.2441481	0.2613492	0.3874278	0.1129062	0.3086808	0.1683662	0.8394796	0.3528498	0.1421270	0.1393146	0.2069569	0.0893110	0.7928531	0.4317594	0.3695559	0.1415425	0.2867054	0.2247766	0.4264342	0.2058211	0.3334202	0.2211275	0.1524484	0.2890051	
0.3218744	0.1489302	0.5739139	0.3647833	0.2136717	0.2578119	0.1347873	0.3533339	0.7127575	0.7827361	0.2594076	0.1554424	0.2391226	0.3683387	0.3910186	0.6292490	0.8223011	0.7800017	0.5314731	0.1696238	0.2701389	0.2507048	0.1824547	0.2184282	0.3242281	0.8884160	0.5596807	0.4030192	0.5937238	0.3940831	0.6367956	0.1882356	0.1543646	0.3860873	0.7318315	0.9487794	0.4514633	0.8154469	0.4088330	0.1613502	
1.1803765	0.4229691	1.0594778	0.2578270	0.4902589	0.3376959	0.6202452	0.7233187	0.5286980	0.3280574	0.3139049	0.7888181	0.5807738	1.1338728	1.5211361	0.8944949	0.5131676	0.6578660	0.5042335	0.6705197	1.0356338	0.3286910	0.2637987	0.4608483	0.7569629	0.8933446	1.1358475	0.8031020	0.3648934	0.4858251	0.5134323	0.7123304	0.3945731	0.3135418	0.5899361	0.9490280	0.5779613	0.5554361	1.0036939	0.4953378	
0.5947864	0.9705557	0.9300010	0.4302983	0.6460323	0.9494648	0.8931252	0.3589153	0.6409270	0.5485638	0.8597699	1.1154061	0.5871172	0.7424215	0.8810463	1.0422409	1.0989611	0.6856165	0.9432471	0.8773367	1.0363881	1.2886932	1.3861205	0.5496695	0.7230397	0.7913533	1.0911690	0.8522967	0.5734117	0.9089320	0.5082007	0.5559528	0.4820579	0.9064988	1.0879115	0.8150558	0.5497126	0.6537502	1.0989257	0.8935188	
2.0229096	1.3830337	0.9541932	2.0600730	1.5092859	1.8451636	1.0347680	1.6710141	2.2216709	1.9247841	0.8218424	1.4197009	1.9772503	2.6117393	1.8091244	0.8392551	1.2051952	1.8656839	1.6631802	2.5679770	2.3840781	1.5113226	1.1332330	1.7656379	1.6889741	1.2907991	1.1464995	1.8028762	0.7875500	1.3526368	1.8288986	1.9158197	2.1317053	0.8075032	0.8288773	0.8898545	2.1731918	1.8701142	0.8457222	1.2509508	
1.2850180	1.3468542	0.9828998	1.6404737	0.9576862	1.4384731	1.3070722	1.3210289	1.4095936	1.3016267	1.3826264	2.0371959	1.4428107	1.0713134	1.7379420	1.5255783	2.1623714	0.9881189	1.8211527	1.2542254	1.3020687	2.2174493	1.4595157	1.4291831	1.0965002	1.7256268	1.1543869	1.7097850	1.3922104	1.1741574	1.4295289	1.7146848	1.5227773	1.9151864	1.2227999	1.0250973	1.1161211	1.4495195	1.1250588	1.4287374	
1.7853472	1.1680430	1.7171152	1.1452436	1.7088884	1.6787124	1.2451125	1.4280105	1.5129562	1.4365931	1.3663032	1.0659122	1.5664969	1.2393526	1.8919352	1.4677198	1.3146437	1.4771033	1.3787588	1.2588210	1.3981576	1.9846331	1.5484081	1.6750390	1.3590324	1.1626439	1.2533597	1.5592640	1.2025172	1.9192912	1.3569173	1.2302347	1.5511040	1.8095622	1.3644125	2.7078131	1.2236620	2.0017497	1.7208713	1.7037323	
0.8924278	1.2176961	0.9954212	1.1725151	1.6075040	0.9327542	0.7569677	1.0916541	0.8006310	1.0777808	1.0284758	1.1848579	1.1962341	0.8058172	1.1480385	1.1094587	0.7609449	1.0229763	0.9999203	1.1223504	0.8807208	0.9193067	0.8987694	1.2899229	1.0335850	1.0184834	1.0892861	0.9542264	0.9558688	1.0469450	1.3079871	1.1931598	0.9440980	1.0902918	1.2665352	1.2285650	1.0749514	0.9025636	1.0528892	1.4479489	
1.0987479	0.8942506	1.2075194	0.8728540	0.9694648	0.9635558	1.3546203	1.4287802	0.9076357	1.0654415	0.8533977	0.9385910	1.2342060	0.8466635	1.0974661	1.1314762	1.0543507	0.7010023	0.6577965	0.9435691	1.1470210	0.8500682	1.1656340	0.8285662	0.7362718	1.0290783	1.3608931	0.7857329	1.1543880	0.8698508	0.6614838	0.9627565	1.2952048	1.0455551	1.0086202	1.0525662	0.9966322	0.7198997	1.1023120	0.8767154	
0.7893724	1.0140854	1.0571988	0.7789086	0.7356888	0.5991607	0.8830312	1.0744596	0.7399993	0.7939916	0.8172394	0.5335860	1.0592746	1.0193152	0.8776214	0.7304591	1.0947750	0.7549410	0.8238819	0.7284431	0.8788829	1.3113214	0.9971830	0.7492017	0.7395077	0.6398273	0.7641453	0.7656985	0.8580352	0.7967917	0.9252520	0.9524339	0.7452242	0.9338194	0.8736504	0.8680149	0.9122700	1.0274040	0.8221551	0.8054092	
0.8787977	0.6663626	0.8418338	0.4265143	1.1345317	0.6896928	0.7985761	0.8093895	0.8374600	0.6835937	0.7453902	0.8747562	0.9279169	0.9055154	0.7969614	0.6005628	1.0289059	0.7407866	0.6273989	0.9018360	0.5459303	1.0296169	0.5426349	0.9448849	1.0589889	0.9604109	0.8363182	0.6422120	1.0134595	1.0462760	0.9144349	0.8987782	0.6786663	0.7796504	0.5921851	1.0236078	0.5720056	0.6954470	0.6022840	0.8553425	
0.3829616	0.3362512	0.5792200	0.4626509	0.6320647	0.6621114	0.9310381	0.8668775	0.6143298	0.8005209	0.5369325	0.5566873	0.5217504	0.6524674	0.8838424	0.6488059	0.5433600	0.5844133	1.1344400	0.8101889	0.3013310	0.8418716	0.8222617	0.6143040	0.7564951	1.0456922	0.8745723	0.3685758	0.7113012	0.9511019	0.4550673	0.3046517	0.4303460	1.1076577	0.6170275	0.6662013	0.5326643	0.3866844	0.3781915	0.2786309	
0.8453215	0.9302479	0.8044660	1.1222163	0.9248639	0.9681953	1.3390800	1.0997106	0.9559874	0.8521625	0.8242914	0.7772766	0.8448121	1.1368644	0.9310002	0.9231994	0.7617830	0.7744363	1.0393400	1.0805199	0.9985681	0.9038457	0.9597760	1.0665324	0.8213455	0.7084365	0.9745616	1.1751506	0.9572767	0.7526045	0.9687666	1.1242699	0.8560083	1.2595002	0.8883577	0.8677638	1.0890969	0.9716560	1.0263366	1.0258918	
0.5081755	0.9299296	0.7235094	0.7025306	0.7434047	0.7757485	0.7584912	0.8367762	1.0426876	0.5163213	0.8928497	0.7269699	0.6275139	0.5421200	1.0912307	1.1048690	0.6064031	0.6473106	1.1721270	0.5666318	0.6865542	0.4442947	0.3782247	1.1823993	0.5830228	1.1297110	0.9554744	0.4555391	0.9995536	1.1491230	0.4081725	0.6516016	0.6942000	0.8359631	0.5404369	0.6183711	0.9019710	0.7630608	1.2706372	0.6137684	
0.6136380	0.9059912	0.8685716	0.8562022	0.9862470	0.8134725	1.0023674	0.9467706	0.9928218	0.7041133	1.2437831	0.8230806	0.6399003	1.1852010	1.0476939	0.8081603	0.7549228	0.5757421	0.7994177	0.8101768	0.6365284	0.6066818	0.8047597	1.1310736	0.4857879	0.9645960	1.1556674	0.8640966	1.0667260	0.9555916	0.5815340	1.2547723	0.7008022	1.0162273	0.5144073	0.6318436	0.8245939	0.9534143	0.7572380	0.7318941	
1.2825512	1.3829840	1.3837581	1.1840584	1.1615758	1.6555580	1.2239690	1.1014913	1.2537189	2.2623861	1.6161928	1.2014562	1.1998571	1.7209817	1.2943796	1.2708120	1.7167957	1.3824735	1.6672255	1.5003114	1.6276163	1.1483603	1.2025442	1.4862268	1.1175967	1.2921865	1.2665168	1.3107228	0.9850071	1.3079021	1.3225473	1.3781136	1.2589104	1.5999813	1.0731668	1.4025183	1.5407871	1.7674183	1.4089236	2.5390763	
1.0148180	1.3170161	1.2963599	0.8410205	1.2034376	0.9351431	1.1843655	1.0443320	1.0213473	1.1655587	1.1691137	0.8109253	0.7937871	1.0364068	1.3030835	0.8691567	0.8859061	1.0256953	1.2516510	1.0521906	1.2617518	0.8587202	0.9420628	1.2566445	1.0123193	1.1261263	0.9762791	1.1103863	0.9896453	0.8920014	0.9253872	0.9754333	1.2557308	0.8684794	0.9114937	1.0220730	1.2004442	1.1275673	1.2007383	0.7854493	
0.5996055	0.7118416	0.4828210	0.4758172	0.5473803	0.4446430	0.4149497	0.3798400	0.4388272	0.6429043	0.4201296	0.4687448	0.6033504	0.5537113	0.5219196	0.4811876	0.5998944	0.8646489	0.8014335	0.4471655	0.4803649	0.4917139	0.5614551	0.5126159	0.5745658	0.4330234	0.5245529	0.8591273	0.3834253	0.6329177	0.7617041	0.3498443	0.4753721	0.4675512	0.4044203	0.7805967	0.5349450	0.5584285	0.5308144	0.6994399	
1.0737722	0.8138768	0.9820717	1.2091534	0.8108976	0.9332469	0.6215209	0.8350785	0.6242178	0.7626100	0.6686162	0.8864868	1.0265814	0.5964536	0.5490056	0.9110735	1.1590060	0.7507303	0.5298623	0.9132382	1.1025033	0.5197550	0.8415029	0.4929706	1.1095997	0.3995506	0.7751106	1.1488062	0.8443914	0.8699163	1.1545799	1.3894283	1.0261623	0.4461200	0.7261452	1.0232949	0.6518312	0.8503042	1.3739700	1.0933531	
1.4711127	0.9155793	0.8953825	1.2754001	0.9628243	1.1829771	1.0009546	0.9715988	0.7921051	1.1050626	1.2146395	0.7759354	1.0347776	1.0807741	0.9421807	0.9092532	1.0569921	0.9919381	1.0469644	0.6211513	1.2353082	0.8770587	1.1998252	1.0394957	1.2487787	1.2309121	1.1931282	0.7209181	1.4141871	1.0680078	0.8378837	1.3003806	0.8236993	1.0710895	1.0625273	1.2111690	0.8855598	1.1591889	1.1855487	0.8389004	
1.5368356	1.7381477	1.8144017	1.1061345	1.6962079	1.6140187	2.5929999	4.0910962	1.8138700	1.2577306	1.8674626	0.6560285	2.6433551	1.5564407	3.9173731	0.7616863	4.7026594	1.6345486	1.3140821	2.7384495	2.7165013	2.9782377	0.2510480	3.8204012	3.8372559	3.2329845	2.1870814	3.2657673	1.2984933	1.8413127	3.1284491	3.7604149	1.1382637	1.8848344	0.6698683	2.3432114	1.1633900	1.1798819	2.7255013	2.4333790	
1.1119282	0.7761701	0.9535221	1.0564854	0.8402834	1.0560801	0.4816167	0.8711661	0.9960852	0.7429194	0.7695189	0.7203428	0.8966948	0.8362400	0.8821483	0.7643219	0.8737616	0.9682216	0.8678583	1.1132074	0.7906730	0.7689368	0.6887584	1.4111817	0.6738825	0.9722967	0.9083167	0.9069407	0.7932795	0.7196023	0.5814664	0.9204073	0.9356687	0.7716691	1.0879444	0.5363604	0.9546539	0.7897615	0.8763647	0.8764078	
0.8676779	0.9680425	1.1141543	1.2364963	0.9555019	1.0346435	1.0787994	1.0296572	0.8354767	1.2271473	1.4606450	0.8540198	0.6530995	1.3390711	0.9546299	1.3358684	1.0891286	0.9713256	1.0570244	0.9842570	0.8233195	1.1967519	1.1200342	0.9592961	1.1122580	1.2102077	0.7998628	1.1285255	1.0241713	1.0475104	1.1802080	1.1535924	1.1708992	0.8805494	0.7447089	0.9149216	1.0849111	1.0678008	1.2530717	0.8384760	
0.9678265	1.0007888	0.8951370	0.9211357	0.7005960	0.9618613	0.7784910	0.7380134	0.9420480	0.8531190	0.9895091	1.1522933	1.0075627	0.6234882	1.2949443	1.0771398	1.3297881	0.6974882	1.0580377	0.8653229	0.8732396	1.2117553	1.3851909	1.2992937	1.1837189	1.0501572	0.9340924	1.2111242	0.8241256	0.8323787	0.9097748	0.7272517	1.1736414	0.8244655	0.8585850	0.8055452	0.8423691	1.0212108	1.1277807	0.8880964	
0.3797379	0.5462444	0.3497221	0.3528616	0.6080563	0.3125869	0.4996387	0.4034541	0.4455859	0.4788831	0.6467122	0.5684376	0.2972732	0.8623218	0.7830616	0.2678605	0.3068002	0.6024460	0.7582215	0.4038674	0.1801365	0.6373330	0.6977718	0.8889637	0.2981269	0.9859672	0.8308209	0.4705412	0.5510970	0.2550530	0.3849568	0.1709761	0.1753240	1.2548221	0.6420439	0.3577266	0.5074270	0.6785340	0.1603778	0.3038678	
1.0074421	1.3718087	0.7067632	1.1500812	0.6629072	0.5756099	0.5515128	1.0692879	1.4521543	0.6055455	1.0462164	1.2555355	1.1276582	0.6889112	1.5034294	1.0880852	0.9750405	0.6035448	0.8466966	0.8110915	1.6230919	1.1743885	0.7713121	0.8299665	0.7510624	1.1894128	0.7259949	0.9668358	0.6929821	0.8507186	1.0022037	1.9656898	1.0023451	0.8484492	0.6108480	0.7417089	1.0489995	0.9810832	1.1909624	1.2924636	
0.7004811	0.5205473	0.8510490	0.8651122	0.9138570	0.9206179	1.1093094	0.2127615	0.9988708	0.7850502	1.1057494	0.5288365	0.3074992	0.6964417	0.7198096	1.2503187	1.0488688	0.6248343	0.6816734	0.9556394	0.7936888	0.8889382	1.1782881	0.5021151	0.8205675	1.0721450	1.0227165	1.1188890	0.9861485	0.7428836	1.1135316	0.5296200	0.6188577	1.2095059	1.0568734	0.2200582	1.0374607	0.8129571	1.0421178	1.0843563	
0.4488810	0.3702328	0.2066137	0.4278979	0.2077560	0.4374084	0.2675118	0.2502686	0.4407327	0.4547403	0.1481702	0.6056052	0.4586447	0.2597965	0.2336175	0.2128167	0.2833270	0.6267373	0.3391667	0.4169265	0.2362776	0.5479284	0.4722591	0.1821754	0.3786810	0.3884458	0.2924836	0.2961886	0.2988912	0.2304178	0.3070169	0.1100629	0.4472750	0.3266470	0.5218365	0.5071229	0.2661032	0.2308519	0.2781314	0.5383729	
0.4212281	0.7843819	1.1901032	0.3713939	0.4981318	0.6272632	0.5163754	1.1737733	1.0612004	0.5772226	1.0136729	0.2343911	0.5871241	0.5924705	0.8519082	0.4295149	0.9830837	0.8244169	0.7278574	0.3381469	0.4614473	0.6533469	0.2661872	0.8520274	0.6684584	0.9608380	0.8389108	0.7354866	0.5308729	0.5669062	0.7736449	1.5030083	0.2770546	0.7448668	0.2831511	0.6638323	0.3564682	0.4264201	0.6722559	0.6778399	
1.1183472	0.7158659	0.9650829	1.0390597	1.0222853	0.5132524	1.0124045	0.6413963	0.5604559	0.5120550	0.5447135	0.8177173	0.9586075	0.8381066	0.5637670	0.8373817	0.8201935	1.4660312	0.3702586	1.2450167	0.8781390	0.7601084	0.8547022	0.4762093	1.1795428	0.4807058	1.2277254	0.7156068	1.2365044	0.8754473	1.0726974	0.4257968	1.0736129	0.6992948	0.5981502	1.1125345	0.9035819	0.7009309	0.8201669	0.9684821	
0.9782831	1.3847659	1.2856414	1.8732971	1.6085031	2.1225652	1.4332826	0.9360807	1.3119586	2.1546130	1.2883498	1.0504456	1.3289267	1.3270765	1.5017083	1.2909639	1.6211313	1.1648425	1.2841862	1.1441850	1.9379065	1.4583259	1.5204501	1.1763592	1.5504919	1.4411458	1.5319959	1.5640959	1.4954532	1.6725280	1.6367960	1.2879503	1.5775952	1.5101827	1.8771939	1.4242748	1.3990147	1.3484570	1.1972281	1.0772563	
0.1083642	0.0704292	0.0618566	0.2037105	0.0725129	0.0896552	0.0866909	0.1615562	0.1707703	0.0370928	0.1498258	0.0582591	0.4894277	0.0906911	0.0682962	0.0965500	0.2190886	0.4868159	0.1138483	0.0925397	0.0305184	0.0289645	0.0662952	0.1121270	0.2548569	0.2050094	0.0824280	0.2304395	0.3639863	0.0820395	0.1114712	0.2965242	0.0285533	0.4101049	0.1850692	0.1010172	0.0602386	0.0963121	0.0744192	0.0561629	
0.7865369	0.9641366	1.1636746	0.8007984	1.3438021	1.0937589	0.9945845	0.9302727	0.9740470	0.5955754	0.8513977	1.1157982	1.0609912	1.0315393	0.8877030	0.8455809	1.0433505	1.1127873	1.1330497	0.7737424	1.1342165	0.9179842	0.9150744	1.2709232	0.9455789	1.2631787	0.7783499	0.9560616	1.0142937	0.8684655	1.1508470	0.8523623	0.9780397	1.3404381	1.1426003	0.8800856	0.7373021	0.7246494	0.9761089	0.9915186	
1.0276190	0.8202826	1.2831164	1.0405442	0.9638830	0.7863798	1.2303211	0.9944698	1.0847777	1.1426196	1.1240077	1.0117585	0.9858850	1.0558469	0.6840403	1.1820199	1.2060512	1.1567194	0.7208625	0.9491685	0.9209116	1.0119115	1.3507065	1.2037393	1.1314049	0.9843042	1.0209336	1.0280797	1.3414061	1.5626297	1.1681916	1.1501927	1.1938960	1.0781457	1.0478401	0.9972722	1.0815705	0.8347561	1.2598063	1.1568569	
0.9780996	1.4376156	1.2989896	0.8633405	1.2272890	1.3244088	1.0045765	1.4804487	1.2740877	1.3399513	1.2894113	1.0649389	1.2178936	1.3728621	1.3027805	1.0520953	1.3920382	1.5829803	0.8720922	1.1495217	1.3186122	0.8920874	1.0071885	1.1212032	1.9981739	1.7103163	1.0219542	1.4683032	1.1835087	1.2169226	1.1655674	1.2328184	0.9800811	1.2051302	0.8057645	1.4923620	1.2098566	2.2711059	1.2516563	1.2046298	
1.1294010	0.8889423	0.8717632	1.0216718	0.8173279	0.9955662	1.1182529	0.8075758	0.7999712	0.7598534	1.4519707	0.8830632	0.9840639	1.1596559	0.7165046	1.0638422	1.0992663	1.1330255	0.9865545	1.1315837	0.9391264	0.9728043	0.9975155	0.7739829	0.9699045	1.0813747	0.9661500	1.2677447	0.8700487	1.0144138	0.9098120	0.9196738	0.8551336	1.0346474	1.0001152	0.9343399	0.9929897	0.9353488	1.1890918	1.0276720	
0.8643652	1.0481397	0.6540017	0.9619271	0.9912963	1.1720013	1.0721627	0.8377988	1.0345396	1.0572783	1.0345838	1.0592262	0.8268951	1.2742994	1.1984719	0.9601864	1.0226120	1.2185365	0.7291405	0.9230967	0.8913913	0.8618866	1.0835043	0.9543467	0.9933907	0.7514900	0.7548709	0.8917375	0.9166940	0.9744643	0.6423017	1.0466825	0.9934797	1.0064382	1.1254128	1.3069664	0.7928480	1.1948646	1.0187863	1.0122734	
1.0061842	1.0122135	0.8728805	0.9209241	1.1152376	0.6984958	0.9766148	1.0561352	1.3266888	0.9197926	0.9404574	1.2184868	0.9571569	1.3360793	0.9718386	0.7030635	1.1512825	1.2421901	1.1851004	0.7288473	1.3212153	0.8990660	1.0680197	1.1686838	0.7314530	0.9897997	1.1928069	0.9789024	0.8143193	0.9919332	0.9383742	0.9223752	0.8101735	0.8911719	0.9096744	1.0646773	0.9801241	1.0794749	0.7557176	1.0531278	
1.1214286	1.4583632	1.9767654	0.9925028	1.5439306	1.4199323	1.1387207	1.2303459	1.2166729	1.1011497	1.7144600	1.0036257	1.2797157	1.0443097	1.5031383	1.2207431	1.1757598	0.9290684	1.2215328	1.0260974	1.4633356	1.0725191	1.4697952	1.1707847	1.2657859	1.2757857	1.6155393	1.6249291	1.3150182	0.8526557	1.1852811	1.0079841	1.0556101	1.2331208	1.1279494	1.6867211	1.2552849	0.6923304	1.2224654	1.4806673	
1.2895197	1.6509165	1.1488984	1.4326459	1.1275506	0.9948963	1.4574393	1.4561129	1.0339501	1.1183255	1.9472700	1.1695756	1.4149858	1.2331400	1.3005107	1.3434905	1.3296165	1.2283673	1.3999630	1.7016873	1.0558942	1.3448705	1.3596178	1.3614131	1.4008592	1.4365693	1.4628429	2.1822064	1.7207589	1.2015786	2.0154967	0.8447250	1.3887302	1.4130434	1.6167167	1.1319426	1.5258596	1.2886915	1.0518118	1.2835598	
0.4351298	1.6302095	1.5883739	1.1076935	1.0084186	1.1215276	0.7646398	0.9092210	0.7630060	1.0813676	1.1835744	0.5898242	0.9500226	0.6973362	0.9760174	0.8970345	0.7249252	0.8098675	0.8083738	0.4773686	0.9009434	0.7987640	0.8252421	1.0694302	0.7029066	1.2254688	1.9303293	0.7710393	1.2007697	1.0271607	1.4340878	1.1838557	0.8558511	0.9833443	0.8200575	1.4594272	0.8602726	0.5035567	0.7462162	1.3563736	
0.0874895	0.0897636	0.2152473	0.0678209	0.2308401	0.0901196	0.1157977	0.1291984	0.1927975	0.1140906	0.0889089	0.1718951	0.1302670	0.1833614	0.1860208	0.0993056	0.0651261	0.0998557	0.1534596	0.1580955	0.0811379	0.0850621	0.2251388	0.0920051	0.1794295	0.0842216	0.1376521	0.2102305	0.0991357	0.1278555	0.1872988	0.1232046	0.0803643	0.1313544	0.2029907	0.1026701	0.1358178	0.1269408	0.1461677	0.0763326	
0.6591821	0.5189701	0.4689547	0.3644879	0.5222370	0.5924260	0.5633926	0.4300814	0.3104572	0.4698326	0.3359985	0.3244574	0.5526146	1.1849063	0.4656735	0.8444776	0.1744844	0.5193874	0.4335302	0.6172188	0.6152726	0.7090024	0.5321403	0.4103131	0.4348319	0.3924896	0.6707584	0.6738382	0.7272712	0.7426726	0.4039266	0.4202126	0.6925317	0.8453726	0.6093500	0.3667733	0.6034305	0.2514256	0.3571868	0.1935574	
0.0512146	0.3849593	0.8811905	0.0944414	0.8670110	0.2624783	0.2844767	0.3307134	0.4574055	0.2777330	0.6876273	0.2925137	0.8405425	0.1757521	0.3874992	0.1055837	0.3717948	0.6338663	0.2708748	0.2926817	0.1085784	0.0678161	0.2628474	0.1864746	0.6005325	0.2792399	0.3430787	0.6861976	0.2603108	0.4330545	0.8407427	0.5472369	0.2428096	0.4427642	0.3422759	0.4580252	0.2208643	0.1774034	0.4986544	0.5539289	
0.4673388	0.4036954	0.6675494	0.3509312	0.5519203	0.3982300	0.5906225	0.3788229	0.5420179	0.4722537	0.3919876	0.7517594	0.4321399	0.4059857	0.2910732	0.4569536	0.4856421	0.2801815	0.3763428	0.5159822	0.3809284	0.5817203	0.4696075	0.4821344	0.4509072	0.4838179	0.7805370	0.3304240	0.6880616	0.7344007	0.6234044	0.3085430	0.6927020	0.3943737	0.3486535	0.2893502	0.4288489	0.2042567	0.4295622	0.6769365	
1.1029485	0.7757475	1.2349182	1.1531068	0.5075616	1.1821199	1.2072435	0.7345803	0.5861016	0.9000649	1.0525191	1.2139257	0.7425455	1.0715242	0.5316051	0.5694612	0.9147032	0.9497385	0.3181863	0.4663833	0.9332116	0.9663690	0.5558475	0.9524586	1.0233253	0.5790571	0.9475808	0.6108253	0.6450501	0.8334993	0.8581800	0.6294791	1.0148711	1.0912691	0.5786417	1.0122141	0.5547582	0.5325768	0.9117866	0.7354300	
1.2277667	1.0878185	1.0313943	0.8698057	0.5570228	0.9392359	0.7994772	0.5799630	0.7730507	0.7630497	0.7549255	1.3108963	0.8158986	0.9123700	1.4860835	0.5565653	0.4971548	0.7696008	0.5923557	0.8615068	1.2098972	1.1791974	0.6445487	0.6129865	1.0397130	0.7194615	1.1053021	0.8017517	0.6980185	0.9953634	0.7111245	1.0531616	1.4755538	0.7626766	0.5265421	1.2683026	0.9670903	0.5494078	0.7431929	0.6596795	
0.2209391	0.1147611	0.0886342	0.1887328	0.0980079	0.1267873	0.2039077	0.1105379	0.1582845	0.1387333	0.0806695	0.2112426	0.0900565	0.1637862	0.1059654	0.2649151	0.1028237	0.2035065	0.3159668	0.0540004	0.2536682	0.0837674	0.2631735	0.1729247	0.0906322	0.1051448	0.1182353	0.0718083	0.2719954	0.2549454	0.2526086	0.0563817	0.2567832	0.1064538	0.2752732	0.1030205	0.3147936	0.3579032	0.0561036	0.0844990	
0.4073588	0.1726435	0.7543509	0.9165667	0.3891070	0.3029039	0.3638837	0.5471435	0.7574057	0.9752927	0.3937289	0.2272878	0.5851681	0.8794861	0.5087328	0.7086296	0.5118963	1.2965692	0.4996790	0.3891867	0.5452132	0.3696602	0.2832844	0.2722132	0.5567630	1.6929234	1.3961470	0.5105187	0.4587094	0.7904818	0.6756192	0.2312212	0.3013758	0.7105851	0.8635394	1.3683645	0.4405672	0.5286130	0.5866783	0.1438479	
1.1732197	1.1177901	0.9809608	1.0012389	1.0837983	1.1729926	0.8646471	1.2121272	1.2968428	1.0337432	1.0680176	1.4496814	1.1966660	1.1534896	0.8641948	1.0751030	1.3946675	1.4111575	1.2174023	0.8010930	0.8381959	0.6420576	1.1466285	0.8145047	1.0124998	0.9396475	0.7917374	0.8991268	1.2947522	1.1068020	1.2491769	1.4584433	1.1002878	1.3046904	1.1907701	0.9033868	1.0044555	1.0211954	0.9687022	1.0329048	
0.9668654	0.8762953	0.7527901	1.1412828	1.0763772	1.1431019	0.9349036	0.9717543	1.2816334	1.0437779	0.8671158	0.8699379	1.0063555	1.2016379	1.1426640	0.8659577	0.6999319	0.9821969	0.9635643	1.0874182	1.1076124	0.7495321	1.0599076	1.0547588	1.1222193	1.1482771	1.2315241	0.7849137	1.0348318	1.3441271	1.0208329	0.9240335	1.0125423	1.0990426	1.0041365	0.8377434	0.9731549	1.0401403	1.0707161	1.1310754	
0.3584405	0.7563937	0.0909011	0.1767304	0.4999384	0.6675232	0.2514612	0.6974967	0.4028353	0.3233918	0.4916736	0.4155040	0.3002740	0.7163019	0.7436585	0.4786734	0.2077443	0.4722047	1.2880731	0.5575386	0.8607749	0.4623155	0.7321755	0.6369785	0.2843063	0.2666647	0.2323694	0.7636835	0.7221257	0.4001651	0.6100190	0.4574122	0.6322706	0.1829857	0.6051211	0.3850066	0.8803043	0.7726407	0.2818153	0.5589103	
1.0368583	0.7354671	0.9845125	1.0208238	0.9622993	1.1257576	0.9154330	0.8977665	0.9687100	1.0592228	0.9265533	1.0157754	1.1368851	1.2208145	1.1128717	1.1614516	0.9671878	1.1600594	0.8960767	1.2168065	1.2548282	1.0435721	1.0929607	0.6804125	0.8716806	0.9672864	0.8348642	0.6530573	0.9311896	0.9154217	0.9622199	0.9367675	0.8224949	1.2608486	0.9330369	0.9518891	1.4963804	0.9194873	1.2396115	0.8284832	
1.9572774	1.4178488	1.1145738	1.4867001	1.4018247	1.4143500	1.9814079	1.2047019	1.2541843	1.4391580	1.6535184	1.6034364	1.3688769	1.1594303	1.3885813	1.3914874	1.2401690	1.3553804	1.1487027	1.7097514	1.7886340	1.4264156	2.1228979	1.2848548	2.0293668	1.3976235	1.7149009	1.1242180	1.5588472	1.4260197	1.2186544	1.4297983	1.6406805	1.2484925	1.0471391	1.6375332	1.6419315	1.4843859	1.3356887	1.2968091	
1.0205906	0.7761240	0.7480581	0.9660881	0.8817193	0.8723428	0.9304838	1.2741493	1.0189285	1.0618597	1.1344119	1.3491538	0.8180074	0.9807060	0.8612622	0.8569865	0.9140947	0.7182184	0.9811309	0.8772130	0.9947302	0.7517549	0.9480816	0.7677158	1.3474500	1.2099126	1.0000833	0.8649303	1.3715259	0.8811325	0.8902481	1.0684478	1.2481394	0.9953671	0.9927820	1.2460502	1.1863211	0.8131512	1.0989225	1.4970336	
1.3628894	1.7640773	1.3156537	1.1552052	1.6937380	1.4947202	1.2751602	1.3614514	0.8295617	2.3028422	1.0786740	1.7193213	0.8651434	1.3603852	1.5147920	1.2514964	1.4829001	0.6350919	1.2998679	1.7352922	2.4463839	2.5626791	2.3622879	1.5795981	1.1336044	1.1483823	1.4915947	1.1574479	0.7601176	1.7357038	1.8804123	0.8223852	2.1939545	0.6865591	1.3712354	1.4000888	1.9339880	1.4270928	1.7157666	1.9568504	
0.7589010	1.2352610	0.9907753	0.9195739	0.9326505	1.1481384	0.7870579	0.7882222	0.9634970	1.2307314	0.8741563	0.9713990	0.6486134	1.0933195	0.8126677	1.1730301	1.1024112	0.9179308	0.8196970	0.7755629	1.2148164	1.0005314	1.1559200	0.9540363	1.2282307	1.7455200	0.9470438	1.1953167	0.9471622	0.9891261	0.9020207	0.6679023	0.7549605	1.1369947	1.1524927	0.8677949	0.9441357	1.1771787	0.8335032	1.1272452	
